-- inserts (generated with mockaroo)

-- Genre table

insert into genre (id, name, image) values (1, 'Crime|Drama', 'http://dummyimage.com/212x100.png/ff4444/ffffff');
insert into genre (id, name, image) values (4, 'Adventure|Sci-Fi', 'http://dummyimage.com/106x100.png/cc0000/ffffff');
insert into genre (id, name, image) values (5, 'Horror|Sci-Fi|Thriller', 'http://dummyimage.com/171x100.png/ff4444/ffffff');
insert into genre (id, name, image) values (6, 'Drama', 'http://dummyimage.com/238x100.png/ff4444/ffffff');
insert into genre (id, name, image) values (8, 'Drama|Fantasy', 'http://dummyimage.com/151x100.png/5fa2dd/ffffff');
insert into genre (id, name, image) values (9, 'Comedy', 'http://dummyimage.com/154x100.png/dddddd/000000');

-- Movie table

/*
insert into movie (id, image, title, creation_date, calification) values (1, 'http://dummyimage.com/140x100.png/dddddd/000000', 'Contagion / Bio Slime', '24/11/1983', 5);
insert into movie (id, image, title, creation_date, calification) values (2, 'http://dummyimage.com/236x100.png/cc0000/ffffff', 'Island of Dr. Moreau, The', '28/11/1971', 5);
insert into movie (id, image, title, creation_date, calification) values (3, 'http://dummyimage.com/137x100.png/ff4444/ffffff', 'Utopia', '11/09/1986', 1);
insert into movie (id, image, title, creation_date, calification) values (4, 'http://dummyimage.com/111x100.png/ff4444/ffffff', 'Hook', '26/07/1965', 4);
insert into movie (id, image, title, creation_date, calification) values (5, 'http://dummyimage.com/191x100.png/dddddd/000000', '101 Reykjavik (101 Reykjavík)', '22/07/1964', 3);
insert into movie (id, image, title, creation_date, calification) values (6, 'http://dummyimage.com/154x100.png/dddddd/000000', 'To Have and Have Not', '21/11/1965', 2);
insert into movie (id, image, title, creation_date, calification) values (7, 'http://dummyimage.com/129x100.png/5fa2dd/ffffff', 'Deadly Companions, The', '23/12/1988', 1);
insert into movie (id, image, title, creation_date, calification) values (8, 'http://dummyimage.com/186x100.png/cc0000/ffffff', 'Dust', '16/12/2006', 3);
insert into movie (id, image, title, creation_date, calification) values (9, 'http://dummyimage.com/214x100.png/ff4444/ffffff', 'Crossing Over', '11/07/1993', 1);
insert into movie (id, image, title, creation_date, calification) values (10, 'http://dummyimage.com/127x100.png/dddddd/000000', 'Private Eyes, The', '04/08/1962', 3);
insert into movie (id, image, title, creation_date, calification) values (11, 'http://dummyimage.com/168x100.png/cc0000/ffffff', 'Crew, The', '04/09/2012', 3);
insert into movie (id, image, title, creation_date, calification) values (12, 'http://dummyimage.com/130x100.png/ff4444/ffffff', 'Satan''s Sword (Daibosatsu tôge)', '11/02/1987', 1);
insert into movie (id, image, title, creation_date, calification) values (13, 'http://dummyimage.com/145x100.png/dddddd/000000', 'Art of Dying, The (El Arte de Morir)', '25/07/1998', 2);
insert into movie (id, image, title, creation_date, calification) values (14, 'http://dummyimage.com/179x100.png/cc0000/ffffff', 'Two Faces of January, The', '07/01/1958', 2);
insert into movie (id, image, title, creation_date, calification) values (15, 'http://dummyimage.com/246x100.png/cc0000/ffffff', 'Fire of Conscience (For lung)', '19/11/1980', 5);
insert into movie (id, image, title, creation_date, calification) values (16, 'http://dummyimage.com/143x100.png/cc0000/ffffff', 'A-Team, The', '03/11/1970', 1);
insert into movie (id, image, title, creation_date, calification) values (17, 'http://dummyimage.com/246x100.png/cc0000/ffffff', 'Going to Kansas City', '27/12/1966', 4);
insert into movie (id, image, title, creation_date, calification) values (18, 'http://dummyimage.com/170x100.png/dddddd/000000', 'Taxi zum Klo', '01/09/1975', 1);
insert into movie (id, image, title, creation_date, calification) values (19, 'http://dummyimage.com/137x100.png/dddddd/000000', 'Tiger''s Tail, The', '19/09/2007', 1);
insert into movie (id, image, title, creation_date, calification) values (20, 'http://dummyimage.com/174x100.png/ff4444/ffffff', 'Little Nicholas (Le petit Nicolas)', '18/05/1983', 5);

-- Movie_genre table

insert into movie_genre (id, movie, genre) values (1, 14, 2);
insert into movie_genre (id, movie, genre) values (2, 7, 4);
insert into movie_genre (id, movie, genre) values (3, 13, 2);
insert into movie_genre (id, movie, genre) values (4, 11, 4);
insert into movie_genre (id, movie, genre) values (5, 17, 1);
insert into movie_genre (id, movie, genre) values (6, 7, 9);
insert into movie_genre (id, movie, genre) values (7, 20, 10);
insert into movie_genre (id, movie, genre) values (8, 8, 5);
insert into movie_genre (id, movie, genre) values (9, 19, 1);
insert into movie_genre (id, movie, genre) values (10, 6, 10);
insert into movie_genre (id, movie, genre) values (11, 16, 6);
insert into movie_genre (id, movie, genre) values (12, 5, 8);
insert into movie_genre (id, movie, genre) values (13, 12, 8);
insert into movie_genre (id, movie, genre) values (14, 13, 1);
insert into movie_genre (id, movie, genre) values (15, 13, 3);
insert into movie_genre (id, movie, genre) values (16, 12, 6);
insert into movie_genre (id, movie, genre) values (17, 6, 10);
insert into movie_genre (id, movie, genre) values (18, 17, 7);
insert into movie_genre (id, movie, genre) values (19, 6, 7);
insert into movie_genre (id, movie, genre) values (20, 12, 10);
insert into movie_genre (id, movie, genre) values (21, 18, 6);
insert into movie_genre (id, movie, genre) values (22, 18, 7);
insert into movie_genre (id, movie, genre) values (23, 2, 3);
insert into movie_genre (id, movie, genre) values (24, 20, 1);
insert into movie_genre (id, movie, genre) values (25, 12, 10);
insert into movie_genre (id, movie, genre) values (26, 13, 7);
insert into movie_genre (id, movie, genre) values (27, 16, 6);
insert into movie_genre (id, movie, genre) values (28, 20, 4);
insert into movie_genre (id, movie, genre) values (29, 2, 5);
insert into movie_genre (id, movie, genre) values (30, 11, 8);
insert into movie_genre (id, movie, genre) values (31, 19, 3);
insert into movie_genre (id, movie, genre) values (32, 8, 10);
insert into movie_genre (id, movie, genre) values (33, 4, 2);
insert into movie_genre (id, movie, genre) values (34, 7, 10);
insert into movie_genre (id, movie, genre) values (35, 12, 7);
insert into movie_genre (id, movie, genre) values (36, 9, 4);
insert into movie_genre (id, movie, genre) values (37, 14, 4);
insert into movie_genre (id, movie, genre) values (38, 10, 3);
insert into movie_genre (id, movie, genre) values (39, 10, 6);
insert into movie_genre (id, movie, genre) values (40, 2, 6);

-- Actor table

insert into actor (id, image, name, age, weight, history) values (1, 'http://dummyimage.com/109x100.png/ff4444/ffffff', 'Zedekiah Pechet', 19, 57.8, 'Phased 3rd generation encryption');
insert into actor (id, image, name, age, weight, history) values (2, 'http://dummyimage.com/125x100.png/dddddd/000000', 'Pate Thombleson', 53, 141.0, 'Operative incremental benchmark');
insert into actor (id, image, name, age, weight, history) values (3, 'http://dummyimage.com/182x100.png/5fa2dd/ffffff', 'Nicky Pawlick', 77, 64.8, 'Balanced analyzing instruction set');
insert into actor (id, image, name, age, weight, history) values (4, 'http://dummyimage.com/191x100.png/ff4444/ffffff', 'Coop Pinel', 95, 189.4, 'Operative clear-thinking solution');
insert into actor (id, image, name, age, weight, history) values (5, 'http://dummyimage.com/216x100.png/ff4444/ffffff', 'Tabb Asee', 78, 66.1, 'Centralized coherent intranet');
insert into actor (id, image, name, age, weight, history) values (6, 'http://dummyimage.com/245x100.png/5fa2dd/ffffff', 'Florri Flather', 57, 109.0, 'Expanded uniform open system');
insert into actor (id, image, name, age, weight, history) values (7, 'http://dummyimage.com/138x100.png/cc0000/ffffff', 'Brandise Diano', 52, 29.0, 'Configurable 24/7 standardization');
insert into actor (id, image, name, age, weight, history) values (8, 'http://dummyimage.com/180x100.png/dddddd/000000', 'Costanza Cummine', 69, 133.3, 'Stand-alone multi-tasking forecast');
insert into actor (id, image, name, age, weight, history) values (9, 'http://dummyimage.com/133x100.png/dddddd/000000', 'Blondie Creeghan', 45, 182.4, 'Open-architected interactive database');
insert into actor (id, image, name, age, weight, history) values (10, 'http://dummyimage.com/174x100.png/cc0000/ffffff', 'Alene Meyrick', 9, 53.2, 'Multi-layered methodical superstructure');
insert into actor (id, image, name, age, weight, history) values (11, 'http://dummyimage.com/212x100.png/cc0000/ffffff', 'Karita Guillot', 69, 24.0, 'Mandatory bi-directional interface');
insert into actor (id, image, name, age, weight, history) values (12, 'http://dummyimage.com/146x100.png/ff4444/ffffff', 'Pat Tommasetti', 11, 54.4, 'Focused encompassing secured line');
insert into actor (id, image, name, age, weight, history) values (13, 'http://dummyimage.com/124x100.png/cc0000/ffffff', 'Delcine Heardman', 55, 101.8, 'Ameliorated logistical attitude');
insert into actor (id, image, name, age, weight, history) values (14, 'http://dummyimage.com/159x100.png/5fa2dd/ffffff', 'Ruddie Stather', 65, 173.2, 'Reactive methodical circuit');
insert into actor (id, image, name, age, weight, history) values (15, 'http://dummyimage.com/184x100.png/cc0000/ffffff', 'Ardene Gerred', 41, 194.0, 'Mandatory mission-critical complexity');
insert into actor (id, image, name, age, weight, history) values (16, 'http://dummyimage.com/133x100.png/cc0000/ffffff', 'Witty Roj', 15, 142.4, 'Implemented user-facing policy');
insert into actor (id, image, name, age, weight, history) values (17, 'http://dummyimage.com/217x100.png/ff4444/ffffff', 'Kellyann Emsden', 94, 160.8, 'Reverse-engineered high-level array');
insert into actor (id, image, name, age, weight, history) values (18, 'http://dummyimage.com/239x100.png/5fa2dd/ffffff', 'Shayne Wrist', 73, 86.1, 'Compatible even-keeled frame');
insert into actor (id, image, name, age, weight, history) values (19, 'http://dummyimage.com/229x100.png/5fa2dd/ffffff', 'Hale Monaghan', 75, 102.0, 'Phased actuating orchestration');
insert into actor (id, image, name, age, weight, history) values (20, 'http://dummyimage.com/225x100.png/dddddd/000000', 'Tripp Meffan', 74, 28.7, 'Enterprise-wide secondary knowledge user');

-- Actor_movie table

insert into actor_movie (id, actor, movie) values (1, 8, 12);
insert into actor_movie (id, actor, movie) values (2, 18, 14);
insert into actor_movie (id, actor, movie) values (3, 17, 17);
insert into actor_movie (id, actor, movie) values (4, 19, 20);
insert into actor_movie (id, actor, movie) values (5, 6, 18);
insert into actor_movie (id, actor, movie) values (6, 3, 20);
insert into actor_movie (id, actor, movie) values (7, 5, 6);
insert into actor_movie (id, actor, movie) values (8, 15, 5);
insert into actor_movie (id, actor, movie) values (9, 16, 12);
insert into actor_movie (id, actor, movie) values (10, 16, 9);
insert into actor_movie (id, actor, movie) values (11, 11, 13);
insert into actor_movie (id, actor, movie) values (12, 18, 8);
insert into actor_movie (id, actor, movie) values (13, 13, 14);
insert into actor_movie (id, actor, movie) values (14, 9, 9);
insert into actor_movie (id, actor, movie) values (15, 2, 19);
insert into actor_movie (id, actor, movie) values (16, 13, 15);
insert into actor_movie (id, actor, movie) values (17, 14, 18);
insert into actor_movie (id, actor, movie) values (18, 20, 15);
insert into actor_movie (id, actor, movie) values (19, 7, 11);
insert into actor_movie (id, actor, movie) values (20, 6, 6);
insert into actor_movie (id, actor, movie) values (21, 19, 12);
insert into actor_movie (id, actor, movie) values (22, 5, 1);
insert into actor_movie (id, actor, movie) values (23, 9, 18);
insert into actor_movie (id, actor, movie) values (24, 12, 15);
insert into actor_movie (id, actor, movie) values (25, 7, 10);
insert into actor_movie (id, actor, movie) values (26, 7, 20);
insert into actor_movie (id, actor, movie) values (27, 11, 10);
insert into actor_movie (id, actor, movie) values (28, 16, 20);
insert into actor_movie (id, actor, movie) values (29, 5, 5);
insert into actor_movie (id, actor, movie) values (30, 18, 8);
insert into actor_movie (id, actor, movie) values (31, 8, 6);
insert into actor_movie (id, actor, movie) values (32, 9, 9);
insert into actor_movie (id, actor, movie) values (33, 13, 19);
insert into actor_movie (id, actor, movie) values (34, 10, 14);
insert into actor_movie (id, actor, movie) values (35, 19, 10);
insert into actor_movie (id, actor, movie) values (36, 10, 17);
insert into actor_movie (id, actor, movie) values (37, 5, 9);
insert into actor_movie (id, actor, movie) values (38, 20, 12);
insert into actor_movie (id, actor, movie) values (39, 7, 3);
insert into actor_movie (id, actor, movie) values (40, 9, 12);
insert into actor_movie (id, actor, movie) values (41, 13, 1);
insert into actor_movie (id, actor, movie) values (42, 11, 6);
insert into actor_movie (id, actor, movie) values (43, 17, 9);
insert into actor_movie (id, actor, movie) values (44, 8, 12);
insert into actor_movie (id, actor, movie) values (45, 5, 5);
insert into actor_movie (id, actor, movie) values (46, 1, 5);
insert into actor_movie (id, actor, movie) values (47, 19, 14);
insert into actor_movie (id, actor, movie) values (48, 16, 6);
insert into actor_movie (id, actor, movie) values (49, 1, 20);
insert into actor_movie (id, actor, movie) values (50, 3, 7);
insert into actor_movie (id, actor, movie) values (51, 19, 19);
insert into actor_movie (id, actor, movie) values (52, 9, 3);
insert into actor_movie (id, actor, movie) values (53, 15, 13);
insert into actor_movie (id, actor, movie) values (54, 4, 16);
insert into actor_movie (id, actor, movie) values (55, 11, 15);
insert into actor_movie (id, actor, movie) values (56, 3, 12);
insert into actor_movie (id, actor, movie) values (57, 2, 13);
insert into actor_movie (id, actor, movie) values (58, 4, 13);
insert into actor_movie (id, actor, movie) values (59, 7, 17);
insert into actor_movie (id, actor, movie) values (60, 16, 15);
insert into actor_movie (id, actor, movie) values (61, 13, 9);
insert into actor_movie (id, actor, movie) values (62, 14, 1);
insert into actor_movie (id, actor, movie) values (63, 19, 5);
insert into actor_movie (id, actor, movie) values (64, 3, 20);
insert into actor_movie (id, actor, movie) values (65, 5, 9);
insert into actor_movie (id, actor, movie) values (66, 10, 16);
insert into actor_movie (id, actor, movie) values (67, 2, 7);
insert into actor_movie (id, actor, movie) values (68, 7, 20);
insert into actor_movie (id, actor, movie) values (69, 19, 6);
insert into actor_movie (id, actor, movie) values (70, 17, 13);
insert into actor_movie (id, actor, movie) values (71, 6, 11);
insert into actor_movie (id, actor, movie) values (72, 17, 9);
insert into actor_movie (id, actor, movie) values (73, 5, 17);
insert into actor_movie (id, actor, movie) values (74, 15, 10);
insert into actor_movie (id, actor, movie) values (75, 1, 19);
insert into actor_movie (id, actor, movie) values (76, 16, 17);
insert into actor_movie (id, actor, movie) values (77, 8, 1);
insert into actor_movie (id, actor, movie) values (78, 6, 10);
insert into actor_movie (id, actor, movie) values (79, 4, 2);
insert into actor_movie (id, actor, movie) values (80, 15, 9);
insert into actor_movie (id, actor, movie) values (81, 13, 4);
insert into actor_movie (id, actor, movie) values (82, 1, 7);
insert into actor_movie (id, actor, movie) values (83, 17, 18);
insert into actor_movie (id, actor, movie) values (84, 13, 5);
insert into actor_movie (id, actor, movie) values (85, 1, 5);
insert into actor_movie (id, actor, movie) values (86, 15, 10);
insert into actor_movie (id, actor, movie) values (87, 4, 11);
insert into actor_movie (id, actor, movie) values (88, 14, 15);
insert into actor_movie (id, actor, movie) values (89, 20, 9);
insert into actor_movie (id, actor, movie) values (90, 1, 5);
insert into actor_movie (id, actor, movie) values (91, 15, 4);
insert into actor_movie (id, actor, movie) values (92, 14, 20);
insert into actor_movie (id, actor, movie) values (93, 7, 15);
insert into actor_movie (id, actor, movie) values (94, 8, 9);
insert into actor_movie (id, actor, movie) values (95, 18, 9);
insert into actor_movie (id, actor, movie) values (96, 10, 15);
insert into actor_movie (id, actor, movie) values (97, 9, 13);
insert into actor_movie (id, actor, movie) values (98, 11, 13);
insert into actor_movie (id, actor, movie) values (99, 13, 10);
insert into actor_movie (id, actor, movie) values (100, 8, 14);
*/